--
-- PostgreSQL database dump
--

-- Dumped from database version 17.4
-- Dumped by pg_dump version 17.4

SET statement_timeout = 0;
SET lock_timeout = 0;
SET idle_in_transaction_session_timeout = 0;
SET transaction_timeout = 0;
SET client_encoding = 'UTF8';
SET standard_conforming_strings = on;
SELECT pg_catalog.set_config('search_path', '', false);
SET check_function_bodies = false;
SET xmloption = content;
SET client_min_messages = warning;
SET row_security = off;

SET default_tablespace = '';

SET default_table_access_method = heap;

--
-- Name: Employees; Type: TABLE; Schema: public; Owner: postgres
--

CREATE TABLE public."Employees" (
    "EmployeeId" integer NOT NULL,
    "Username" text NOT NULL,
    "PasswordHash" text NOT NULL,
    "FullName" text NOT NULL,
    "IsActive" boolean NOT NULL
);


ALTER TABLE public."Employees" OWNER TO postgres;

--
-- Name: Employees_EmployeeId_seq; Type: SEQUENCE; Schema: public; Owner: postgres
--

ALTER TABLE public."Employees" ALTER COLUMN "EmployeeId" ADD GENERATED BY DEFAULT AS IDENTITY (
    SEQUENCE NAME public."Employees_EmployeeId_seq"
    START WITH 1
    INCREMENT BY 1
    NO MINVALUE
    NO MAXVALUE
    CACHE 1
);


--
-- Name: ExhibitImages; Type: TABLE; Schema: public; Owner: postgres
--

CREATE TABLE public."ExhibitImages" (
    "ImageId" integer NOT NULL,
    "ExhibitId" integer NOT NULL,
    "ImagePath" text NOT NULL,
    "AltText" text NOT NULL,
    "DisplayOrder" integer NOT NULL
);


ALTER TABLE public."ExhibitImages" OWNER TO postgres;

--
-- Name: ExhibitImages_ImageId_seq; Type: SEQUENCE; Schema: public; Owner: postgres
--

ALTER TABLE public."ExhibitImages" ALTER COLUMN "ImageId" ADD GENERATED BY DEFAULT AS IDENTITY (
    SEQUENCE NAME public."ExhibitImages_ImageId_seq"
    START WITH 1
    INCREMENT BY 1
    NO MINVALUE
    NO MAXVALUE
    CACHE 1
);


--
-- Name: Exhibits; Type: TABLE; Schema: public; Owner: postgres
--

CREATE TABLE public."Exhibits" (
    "ExhibitId" integer NOT NULL,
    "EmployeeId" integer NOT NULL,
    "Title" text NOT NULL,
    "Description" text NOT NULL,
    "AddedAt" timestamp with time zone NOT NULL,
    "UpdatedAt" timestamp with time zone,
    "Collection" text DEFAULT ''::text NOT NULL,
    "Era" text DEFAULT ''::text NOT NULL
);


ALTER TABLE public."Exhibits" OWNER TO postgres;

--
-- Name: Exhibits_ExhibitId_seq; Type: SEQUENCE; Schema: public; Owner: postgres
--

ALTER TABLE public."Exhibits" ALTER COLUMN "ExhibitId" ADD GENERATED BY DEFAULT AS IDENTITY (
    SEQUENCE NAME public."Exhibits_ExhibitId_seq"
    START WITH 1
    INCREMENT BY 1
    NO MINVALUE
    NO MAXVALUE
    CACHE 1
);


--
-- Name: Games; Type: TABLE; Schema: public; Owner: postgres
--

CREATE TABLE public."Games" (
    "GameId" integer NOT NULL,
    "GameName" text NOT NULL,
    "Description" text NOT NULL,
    "CreatedAt" timestamp with time zone NOT NULL,
    "IsActive" boolean NOT NULL,
    "GameType" text NOT NULL
);


ALTER TABLE public."Games" OWNER TO postgres;

--
-- Name: Games_GameId_seq; Type: SEQUENCE; Schema: public; Owner: postgres
--

ALTER TABLE public."Games" ALTER COLUMN "GameId" ADD GENERATED BY DEFAULT AS IDENTITY (
    SEQUENCE NAME public."Games_GameId_seq"
    START WITH 1
    INCREMENT BY 1
    NO MINVALUE
    NO MAXVALUE
    CACHE 1
);


--
-- Name: Scores; Type: TABLE; Schema: public; Owner: postgres
--

CREATE TABLE public."Scores" (
    "ScoreId" integer NOT NULL,
    "GameId" integer NOT NULL,
    "PlayerName" text NOT NULL,
    "ScoreValue" integer NOT NULL,
    "PlayedAt" timestamp with time zone NOT NULL
);


ALTER TABLE public."Scores" OWNER TO postgres;

--
-- Name: Scores_ScoreId_seq; Type: SEQUENCE; Schema: public; Owner: postgres
--

ALTER TABLE public."Scores" ALTER COLUMN "ScoreId" ADD GENERATED BY DEFAULT AS IDENTITY (
    SEQUENCE NAME public."Scores_ScoreId_seq"
    START WITH 1
    INCREMENT BY 1
    NO MINVALUE
    NO MAXVALUE
    CACHE 1
);


--
-- Name: __EFMigrationsHistory; Type: TABLE; Schema: public; Owner: postgres
--

CREATE TABLE public."__EFMigrationsHistory" (
    "MigrationId" character varying(150) NOT NULL,
    "ProductVersion" character varying(32) NOT NULL
);


ALTER TABLE public."__EFMigrationsHistory" OWNER TO postgres;

--
-- Data for Name: Employees; Type: TABLE DATA; Schema: public; Owner: postgres
--

COPY public."Employees" ("EmployeeId", "Username", "PasswordHash", "FullName", "IsActive") FROM stdin;
1	admin	100000.9HFZhTSrkYzQU87p7mIM5w==.Ow/EM48LEaay0odgstUBtpcgX8G09mcuYURaLh1jscI=	Administrator	t
2	guide	100000.HM0PsoL0L6D6Wkd0V2Sr6Q==.6Po/x+KjrwMtcY8jyU8k3ldACITJ32eDz+7/QYkgrT4=	Museum Guide	t
\.


--
-- Data for Name: ExhibitImages; Type: TABLE DATA; Schema: public; Owner: postgres
--

COPY public."ExhibitImages" ("ImageId", "ExhibitId", "ImagePath", "AltText", "DisplayOrder") FROM stdin;
15	21	/images/6ad36360-5671-43d7-9c3d-5e32acf71a27.jpg	Волховская ГЭС (имени В. И. Ленина) — русловая низконапорная гидроэлектростанция на реке Волхов в Ленинградской области, в городе Волхове. Первоначальная мощность ГЭС 58 Мвт. Одна из старейших действующих ГЭС России. Первый проект использования реки Волхов для выработки электроэнергии инженер Генрих Осипович Графтио подготовил ещё в 1902 году. Строительство ГЭС началось в 1921 году, закончилось в 1927 году. В 1942 по подводному кабелю, проложенному по дну Ладожского озера, станция снабжала электроэнергией осажденный Ленинград.	1
16	22	/images/2369631e-97a5-4b18-8e9f-fdd6a3b69766.jpg	Предназначен для поверхностной индукционной закалки токами высокой частоты. Электромагнитное устройство обеспечивает индукционный нагрев тел вихревыми токами, возбуждаемыми переменным магнитным полем. Впервые в мире новый тип нагревательных индукторов с магнитопроводами из ферромагнетиков был разработан В.П.Вологдиным в лаборатории электротехники высоких частот в Ленинградском электротехническом институте «ЛЭТИ» в 1935 году.	1
17	23	/images/8e27067d-77fd-4ec0-9eb5-8ab0026a1cd1.jpg	Радиовысотомер РВ-2 был разработан в ЛЭТИ на кафедре радиосистем при участии Е.И.Минаева и Ю.М.Казаринова в 1947-1948 годах и являлся первым серийно выпускаемым радиовысотомером в СССР. Он служит для определения истинной высоты полета над земной поверхностью в диапазоне 0-1200 м. Радиовысотомер используется при полетах в сложных метеорологических условиях без видимости земли, при посадке в условиях плохой видимости, а также в сочетании с другими навигационными средствами для проведения расчета слепой посадки. При этом осуществляется надежный контроль за снижением с высоты 20-30 м.	1
18	24	/images/789b6cda-4f4b-4432-bf84-b6abeb0d47c6.jpg	Радиоприемник 6H-1	1
19	25	/images/acc10ad1-0c6f-4c35-a20f-c71a50570c47.jpg	Арифмометр ВК-1	1
20	25	/images/637ee8dd-7930-4fbf-8be3-7ba8f420ff12.jpg	Арифмометр ВК-1	1
21	26	/images/c746e992-025d-415f-b43f-e9d64b3f4fc9.jpg	Импульсный модуляторный тетрод ГМИ-25А	1
22	26	/images/aa141f25-41c0-48a4-9e3a-667d7ba2e7d1.jpg	Импульсный модуляторный тетрод ГМИ-25А	1
23	26	/images/e2aaf122-4dc7-4145-8f4b-25fd43f69b9f.jpg	Импульсный модуляторный тетрод ГМИ-25А	1
24	27	/images/f7225bf4-1302-4555-96f3-e8aa9177cbea.jpg	Проекционный аппарат диафильмов ЛЭТИ-60	1
25	28	/images/5c82161e-4208-4ae6-80c7-62a84de77e68.jpg	Ультразвуковой дефектоскоп УЗД-10	1
26	28	/images/2a516c6c-dcfc-4f7d-88d4-4aa22d6dca17.jpg	Ультразвуковой дефектоскоп УЗД-10	1
\.


--
-- Data for Name: Exhibits; Type: TABLE DATA; Schema: public; Owner: postgres
--

COPY public."Exhibits" ("ExhibitId", "EmployeeId", "Title", "Description", "AddedAt", "UpdatedAt", "Collection", "Era") FROM stdin;
23	1	Радиовысотомер РВ-2	Радиовысотомер РВ-2 был разработан в ЛЭТИ на кафедре радиосистем при участии Е.И.Минаева и Ю.М.Казаринова в 1947-1948 годах и являлся первым серийно выпускаемым радиовысотомером в СССР. Он служит для определения истинной высоты полета над земной поверхностью в диапазоне 0-1200 м. Радиовысотомер используется при полетах в сложных метеорологических условиях без видимости земли, при посадке в условиях плохой видимости, а также в сочетании с другими навигационными средствами для проведения расчета слепой посадки. При этом осуществляется надежный контроль за снижением с высоты 20-30 м.	2025-04-11 20:44:25.921554+03	\N	Приборы	XX век
21	1	Макет Волховской ГЭС	Волховская ГЭС (имени В. И. Ленина) — русловая низконапорная гидроэлектростанция на реке Волхов в Ленинградской области, в городе Волхове. Первоначальная мощность ГЭС 58 Мвт. Одна из старейших действующих ГЭС России. Первый проект использования реки Волхов для выработки электроэнергии инженер Генрих Осипович Графтио подготовил ещё в 1902 году. Строительство ГЭС началось в 1921 году, закончилось в 1927 году. В 1942 по подводному кабелю, проложенному по дну Ладожского озера, станция снабжала электроэнергией осажденный Ленинград.	2025-04-11 20:42:52.639568+03	\N	Макеты	XX век
22	1	Индуктор В. П. Вологдина	Предназначен для поверхностной индукционной закалки токами высокой частоты. Электромагнитное устройство обеспечивает индукционный нагрев тел вихревыми токами, возбуждаемыми переменным магнитным полем. Впервые в мире новый тип нагревательных индукторов с магнитопроводами из ферромагнетиков был разработан В.П.Вологдиным в лаборатории электротехники высоких частот в Ленинградском электротехническом институте «ЛЭТИ» в 1935 году.	2025-04-11 20:43:41.647476+03	\N	Приборы	XX век
24	1	Радиоприемник 6H-1	Радиоприёмник сетевой ламповый "6Н-1" ( 6-ти ламповый, Настольный, 1-я модель). Основой для разработки стал приёмник RCA Victor "6Т2". "6Н-1" супергетеродин второго класса, рассчитанный на питание от сети переменного тока 110, 127, 220 вольт. Диапазоны волн: ДВ "X" - 150...420 кгц, СВ "А" - 520...1600 кгц и КВ "С" - 5,8...20 мгц. Номинальная выходная мощность УНЧ приёмника 2 вт, максимальная (с искажениями до 15%) 4 вт. Потребляемая мощность ~ 70 вт. ПЧ равна 460 кгц. Передан в дар музею семьей А. Б. Крайчика.	2025-04-11 20:47:23.396833+03	\N	Приборы	XX век
25	1	Арифмометр ВК-1	Предназначен для точного умножения и деления, сложения и вычитания. Передан бухгалтерией института в дар музею.	2025-04-11 20:48:01.799121+03	\N	Приборы	XX век
26	1	Импульсный модуляторный тетрод ГМИ-25А	Импульсный модуляторный тетрод предназначен для работы в импульсных модуляторах, а также в качестве регулирующего элемента в электронных стабилизаторах. Прибор разработан на заводе «Светлана» (1969) под руководством выпускницы ЛЭТИ (1939) Г. М. Московской (1916-1975). В 1966 за создание особо мощных генераторных и модуляторных приборов Галине Михайловне Московской присвоено звание Героя Социалистического Труда.	2025-04-11 20:48:50.98688+03	\N	Приборы	XX век
27	1	Проекционный аппарат диафильмов ЛЭТИ-60	Предназначен для демонстрации на экране диафильмов и диапозитивов с кадрами размером 18х24 мм и 24х36 мм, иллюстрирующими лекции и доклады. Прибор экспонировался на выставке достижений народного хозяйства СССР в 1961 году.	2025-04-11 20:49:18.701279+03	\N	Приборы	XX век
28	1	Ультразвуковой дефектоскоп УЗД-10	Предназначен для обнаружения несплошностей и неоднородностей в изделии, определения их координат, размеров и характера путем излучения импульсов ультразвуковых колебаний, приема и регистрации отраженных от неоднородностей эхо-сигналов. Подарочный макет ультразвукового дефектоскопа содержит латунную табличку с надписью «Изобретателю и научному руководителю Сергею Яковлевичу Соколову, в день 25-летия со дня создания Ультразвуковой дефектоскопии от работников кафедры Электроакустики ЛЭТИ 17 ноября 1952 г.»	2025-04-11 20:49:43.454429+03	\N	Приборы	XX век
\.


--
-- Data for Name: Games; Type: TABLE DATA; Schema: public; Owner: postgres
--

COPY public."Games" ("GameId", "GameName", "Description", "CreatedAt", "IsActive", "GameType") FROM stdin;
1	Art Quiz	Тест знаний по искусству	2025-04-08 21:07:06.155348+03	t	quiz
2	Treasure Hunt	Игра по поиску сокровищ в музее	2025-04-08 21:07:06.155364+03	t	game
3	History Timeline	Расставьте исторические события в правильном порядке	2025-04-08 21:07:06.155364+03	t	quiz
\.


--
-- Data for Name: Scores; Type: TABLE DATA; Schema: public; Owner: postgres
--

COPY public."Scores" ("ScoreId", "GameId", "PlayerName", "ScoreValue", "PlayedAt") FROM stdin;
1	1	Иван	85	2024-02-01 18:20:00+03
2	1	Мария	92	2024-02-02 14:45:00+03
3	2	Алексей	75	2024-02-03 17:10:00+03
4	3	Елена	88	2024-02-04 19:30:00+03
5	1	1	70	2025-04-11 13:27:52.575503+03
6	1	Илья	120	2025-04-11 22:39:42.274894+03
\.


--
-- Data for Name: __EFMigrationsHistory; Type: TABLE DATA; Schema: public; Owner: postgres
--

COPY public."__EFMigrationsHistory" ("MigrationId", "ProductVersion") FROM stdin;
20250401232420_Initial	9.0.3
20250411133140_AddCollectionAndEraToExhibit	9.0.3
\.


--
-- Name: Employees_EmployeeId_seq; Type: SEQUENCE SET; Schema: public; Owner: postgres
--

SELECT pg_catalog.setval('public."Employees_EmployeeId_seq"', 2, true);


--
-- Name: ExhibitImages_ImageId_seq; Type: SEQUENCE SET; Schema: public; Owner: postgres
--

SELECT pg_catalog.setval('public."ExhibitImages_ImageId_seq"', 26, true);


--
-- Name: Exhibits_ExhibitId_seq; Type: SEQUENCE SET; Schema: public; Owner: postgres
--

SELECT pg_catalog.setval('public."Exhibits_ExhibitId_seq"', 28, true);


--
-- Name: Games_GameId_seq; Type: SEQUENCE SET; Schema: public; Owner: postgres
--

SELECT pg_catalog.setval('public."Games_GameId_seq"', 3, true);


--
-- Name: Scores_ScoreId_seq; Type: SEQUENCE SET; Schema: public; Owner: postgres
--

SELECT pg_catalog.setval('public."Scores_ScoreId_seq"', 6, true);


--
-- Name: Employees PK_Employees; Type: CONSTRAINT; Schema: public; Owner: postgres
--

ALTER TABLE ONLY public."Employees"
    ADD CONSTRAINT "PK_Employees" PRIMARY KEY ("EmployeeId");


--
-- Name: ExhibitImages PK_ExhibitImages; Type: CONSTRAINT; Schema: public; Owner: postgres
--

ALTER TABLE ONLY public."ExhibitImages"
    ADD CONSTRAINT "PK_ExhibitImages" PRIMARY KEY ("ImageId");


--
-- Name: Exhibits PK_Exhibits; Type: CONSTRAINT; Schema: public; Owner: postgres
--

ALTER TABLE ONLY public."Exhibits"
    ADD CONSTRAINT "PK_Exhibits" PRIMARY KEY ("ExhibitId");


--
-- Name: Games PK_Games; Type: CONSTRAINT; Schema: public; Owner: postgres
--

ALTER TABLE ONLY public."Games"
    ADD CONSTRAINT "PK_Games" PRIMARY KEY ("GameId");


--
-- Name: Scores PK_Scores; Type: CONSTRAINT; Schema: public; Owner: postgres
--

ALTER TABLE ONLY public."Scores"
    ADD CONSTRAINT "PK_Scores" PRIMARY KEY ("ScoreId");


--
-- Name: __EFMigrationsHistory PK___EFMigrationsHistory; Type: CONSTRAINT; Schema: public; Owner: postgres
--

ALTER TABLE ONLY public."__EFMigrationsHistory"
    ADD CONSTRAINT "PK___EFMigrationsHistory" PRIMARY KEY ("MigrationId");


--
-- Name: IX_ExhibitImages_ExhibitId; Type: INDEX; Schema: public; Owner: postgres
--

CREATE INDEX "IX_ExhibitImages_ExhibitId" ON public."ExhibitImages" USING btree ("ExhibitId");


--
-- Name: IX_Exhibits_EmployeeId; Type: INDEX; Schema: public; Owner: postgres
--

CREATE INDEX "IX_Exhibits_EmployeeId" ON public."Exhibits" USING btree ("EmployeeId");


--
-- Name: IX_Scores_GameId; Type: INDEX; Schema: public; Owner: postgres
--

CREATE INDEX "IX_Scores_GameId" ON public."Scores" USING btree ("GameId");


--
-- Name: ExhibitImages FK_ExhibitImages_Exhibits_ExhibitId; Type: FK CONSTRAINT; Schema: public; Owner: postgres
--

ALTER TABLE ONLY public."ExhibitImages"
    ADD CONSTRAINT "FK_ExhibitImages_Exhibits_ExhibitId" FOREIGN KEY ("ExhibitId") REFERENCES public."Exhibits"("ExhibitId") ON DELETE CASCADE;


--
-- Name: Exhibits FK_Exhibits_Employees_EmployeeId; Type: FK CONSTRAINT; Schema: public; Owner: postgres
--

ALTER TABLE ONLY public."Exhibits"
    ADD CONSTRAINT "FK_Exhibits_Employees_EmployeeId" FOREIGN KEY ("EmployeeId") REFERENCES public."Employees"("EmployeeId") ON DELETE CASCADE;


--
-- Name: Scores FK_Scores_Games_GameId; Type: FK CONSTRAINT; Schema: public; Owner: postgres
--

ALTER TABLE ONLY public."Scores"
    ADD CONSTRAINT "FK_Scores_Games_GameId" FOREIGN KEY ("GameId") REFERENCES public."Games"("GameId") ON DELETE CASCADE;


--
-- PostgreSQL database dump complete
--

